Category;Name
German;Abbing
German;Abel
German;Abeln
German;Abt
German;Achilles
German;Achterberg
German;Acker
German;Ackermann
German;Adam
German;Adenauer
German;Adler
German;Adlersflügel
German;Aeschelman
German;Albert
German;Albrecht
German;Aleshire
German;Aleshite
German;Althaus
German;Amsel
German;Andres
German;Armbrüster
German;Armbruster
German;Artz
German;Aue
German;Auer
German;Augustin
German;Aust
German;Autenburg
German;Auttenberg
German;Baasch
German;Bach
German;Bachmeier
German;Bäcker
German;Bader
German;Bähr
German;Bambach
German;Bauer
German;Bauers
German;Baum
German;Baumann
German;Baumbach
German;Baumgärtner
German;Baumgartner
German;Baumhauer
German;Bayer
German;Beck
German;Becke
German;Beckenbauer
German;Becker
German;Beckert
German;Behrend
German;Behrends
German;Beitel
German;Beltz
German;Benn
German;Berg
German;Berger
German;Bergfalk
German;Beringer
German;Bernat
German;Best
German;Beutel
German;Beyer
German;Beyersdorf
German;Bieber
German;Biermann
German;Bischoffs
German;Blau
German;Blecher
German;Bleier
German;Blumenthal
German;Blumstein
German;Bocker
German;Boehler
German;Boer
German;Boesch
German;Böhler
German;Böhm
German;Böhme
German;Böhmer
German;Bohn
German;Borchard
German;Bösch
German;Bosch
German;Böttcher
German;Brahms
German;Brand
German;Brandt
German;Brant
German;Brauer
German;Braun
German;Braune
German;Breiner
German;Breisacher
German;Breitbarth
German;Bretz
German;Brinkerhoff
German;Brodbeck
German;Brose
German;Brotz
German;Bruhn
German;Brun
German;Brune
German;Buchholz
German;Buckholtz
German;Buhr
German;Bumgarner
German;Burgstaller
German;Busch
German;Carver
German;Chevrolet
German;Cline
German;Dahl
German;Denzel
German;Derrick
German;Diefenbach
German;Dieter
German;Dietrich
German;Dirchs
German;Dittmar
German;Dohman
German;Drechsler
German;Dreher
German;Dreschner
German;Dresdner
German;Dressler
German;Duerr
German;Dunkle
German;Dunst
German;Dürr
German;Eberhardt
German;Ebner
German;Ebner
German;Eckstein
German;Egger
German;Eichel
German;Eilerts
German;Engel
German;Enns
German;Esser
German;Essert
German;Everhart
German;Fabel
German;Faerber
German;Falk
German;Falkenrath
German;Färber
German;Fashingbauer
German;Faust
German;Feigenbaum
German;Feld
German;Feldt
German;Fenstermacher
German;Fertig
German;Fiedler
German;Fischer
German;Flater
German;Fleischer
German;Foerstner
German;Forst
German;Förstner
German;Foth
German;Frank
German;Franke
German;Frei
German;Freud
German;Freudenberger
German;Freund
German;Fried
German;Friedrich
German;Fromm
German;Frost
German;Fuchs
German;Fuhrmann
German;Fürst
German;Fux
German;Gabler
German;Gaertner
German;Garb
German;Garber
German;Gärtner
German;Garver
German;Gass
German;Gehrig
German;Gehring
German;Geier
German;Geiger
German;Geisler
German;Geissler
German;Geiszler
German;Gensch
German;Gerber
German;Gerhard
German;Gerhardt
German;Gerig
German;Gerst
German;Gerstle
German;Gerver
German;Giehl
German;Giese
German;Glöckner
German;Goebel
German;Goldschmidt
German;Gorman
German;Gott
German;Gotti
German;Gottlieb
German;Gottschalk
German;Graner
German;Greenberg
German;Groos
German;Gros
German;Gross
German;Groß
German;Große
German;Grosse
German;Größel
German;Großel
German;Großer
German;Grosser
German;Grosz
German;Grünewald
German;Günther
German;Gunther
German;Gutermuth
German;Gwerder
German;Haas
German;Haase
German;Haber
German;Habich
German;Habicht
German;Hafner
German;Hahn
German;Hall
German;Halle
German;Harman
German;Hartmann
German;Hase
German;Hasek
German;Hasenkamp
German;Hass
German;Hauer
German;Haupt
German;Hausler
German;Havener
German;Heidrich
German;Heinrich
German;Heinrichs
German;Heintze
German;Hellewege
German;Heppenheimer
German;Herbert
German;Hermann
German;Herrmann
German;Herschel
German;Hertz
German;Hildebrand
German;Hinrichs
German;Hintzen
German;Hirsch
German;Hoch
German;Hochberg
German;Hoefler
German;Hofer
German;Hoffman
German;Hoffmann
German;Höfler
German;Hofmann
German;Hofmeister
German;Holst
German;Holtzer
German;Hölzer
German;Holzer
German;Holzknecht
German;Holzmann
German;Hoover
German;Horn
German;Horn
German;Horowitz
German;Houk
German;Hüber
German;Huber
German;Huff
German;Huffman
German;Huffmann
German;Hummel
German;Hummel
German;Hutmacher
German;Ingersleben
German;Jaeger
German;Jäger
German;Jager
German;Jans
German;Janson
German;Janz
German;Jollenbeck
German;Jordan
German;Jund
German;Jung
German;Junge
German;Kahler
German;Kaiser
German;Kalb
German;Kalbfleisch
German;Kappel
German;Karl
German;Kaspar
German;Kassmeyer
German;Kästner
German;Katz
German;Kaube
German;Käufer
German;Kaufer
German;Kauffmann
German;Kaufman
German;Keil
German;Keller
German;Kempf
German;Kerner
German;Kerper
German;Kerwar
German;Kerwer
German;Kiefer
German;Kiefer
German;Kirchner
German;Kistler
German;Kistner
German;Kleid
German;Klein
German;Klossner
German;Knef
German;Kneib
German;Kneller
German;Knepp
German;Knochenmus
German;Knopf
German;Knopp
German;Koch
German;Kock
German;Koenig
German;Koenigsmann
German;Köhl
German;Kohl
German;Köhler
German;Kohler
German;Kolbe
German;König
German;Königsmann
German;Kopp
German;Kraemer
German;Krämer
German;Kramer
German;Krantz
German;Kranz
German;Kraus
German;Krause
German;Krauss
German;Krauß
German;Krebs
German;Kröger
German;Kron
German;Kruckel
German;Krüger
German;Krüger
German;Kruger
German;Kruse
German;Kruse
German;Küchler
German;Kuhn
German;Kundert
German;Kunkel
German;Kunkle
German;Kuntz
German;Kunze
German;Kurzmann
German;Laberenz
German;Lafrentz
German;Lafrenz
German;Landau
German;Lang
German;Lange
German;Langenberg
German;Langer
German;Larenz
German;Laurenz
German;Lauritz
German;Lawerenz
German;Lawrenz
German;Lehmann
German;Lehrer
German;Leitner
German;Leitz
German;Leitzke
German;Lenz
German;Leverenz
German;Lewerentz
German;Lewerenz
German;Lichtenberg
German;Lieberenz
German;Linden
German;Loewe
German;Lohrenz
German;Lorentz
German;Lorenz
German;Lorenzen
German;Loris
German;Loritz
German;Löwe
German;Ludwig
German;Luther
German;Maas
German;Maier
German;Mandel
German;Mann
German;Markwardt
German;Marquardt
German;Marquering
German;Marquerink
German;Martell
German;Martin
German;Martz
German;Mas
German;Maurer
German;Maus
German;Mayer
German;Meier
German;Mein
German;Meindl
German;Meinhardt
German;Meisner
German;Meissner
German;Melsbach
German;Mendel
German;Mendelsohn
German;Mendelssohn
German;Messer
German;Messerli
German;Messmann
German;Messner
German;Metz
German;Metz
German;Metzger
German;Meyer
German;Michel
German;Mohren
German;Möller
German;Morgenstern
German;Moser
German;Mueller
German;Muhlfeld
German;Müller
German;Nagel
German;Neuman
German;Neumann
German;Nuremberg
German;Nussbaum
German;Nussenbaum
German;Oberst
German;Oelberg
German;Ohme
German;Oliver
German;Oppenheimer
German;Ott
German;Otto
German;Oursler
German;Pahlke
German;Papke
German;Papp
German;Paternoster
German;Paul
German;Paulis
German;Pawlitzki
German;Penzig
German;Peter
German;Peters
German;Pfaff
German;Pfenning
German;Plank
German;Pletcher
German;Porsche
German;Portner
German;Prinz
German;Protz
German;Rademacher
German;Rademaker
German;Rapp
German;Raske
German;Raskob
German;Raskop
German;Raskoph
German;Regenbogen
German;Reier
German;Reiher
German;Reiter
German;Rettig
German;Reuter
German;Reuter
German;Richard
German;Richter
German;Rier
German;Riese
German;Ritter
German;Rose
German;Rosenberg
German;Rosenberger
German;Rosenfeld
German;Rot
German;Roth
German;Rothbauer
German;Rothenberg
German;Rothschild
German;Sachs
German;Saller
German;Saller
German;Salomon
German;Salzwedel
German;Samuel
German;Sander
German;Sauber
German;Schäfer
German;Scheer
German;Scheinberg
German;Schenck
German;Schermer
German;Schindler
German;Schirmer
German;Schlender
German;Schlimme
German;Schlusser
German;Schmeling
German;Schmid
German;Schmidt
German;Schmitt
German;Schmitz
German;Schneider
German;Schnoor
German;Schnur
German;Schoettmer
German;Schräder
German;Schrader
German;Schreck
German;Schreier
German;Schröder
German;Schröder
German;Schroeder
German;Schroeter
German;Schröter
German;Schubert
German;Schuchard
German;Schuchardt
German;Schuchert
German;Schuhart
German;Schuhmacher
German;Schuler
German;Schult
German;Schulte
German;Schultes
German;Schultheis
German;Schultheiss
German;Schultheiß
German;Schultz
German;Schultze
German;Schulz
German;Schulze
German;Schumacher
German;Schuster
German;Schuttmann
German;Schwangau
German;Schwartz
German;Schwarz
German;Schwarzenegger
German;Schwenke
German;Schwinghammer
German;Seelenfreund
German;Seidel
German;Senft
German;Senft
German;Sheinfeld
German;Shriver
German;Siegel
German;Siegel
German;Siekert
German;Siemon
German;Silverstein
German;Simen
German;Simmon
German;Simon
German;Simons
German;Siskin
German;Siskind
German;Sitz
German;Sitz
German;Slusser
German;Solberg
German;Sommer
German;Sommer
German;Sommer
German;Sommer
German;Sonnen
German;Sorg
German;Sorge
German;Spannagel
German;Specht
German;Spellmeyer
German;Spitznogle
German;Sponaugle
German;Stark
German;Stauss
German;Steen
German;Steffen
German;Stein
German;Steinmann
German;Stenger
German;Sternberg
German;Steube
German;Steuben
German;Stieber
German;Stoppelbein
German;Stoppelbein
German;Strand
German;Straub
German;Strobel
German;Strohkirch
German;Stroman
German;Stuber
German;Stueck
German;Stumpf
German;Sturm
German;Suess
German;Sulzbach
German;Swango
German;Switzer
German;Tangeman
German;Tanzer
German;Teufel
German;Tiedeman
German;Tifft
German;Tillens
German;Tobias
German;Tolkien
German;Tresler
German;Tritten
German;Trumbauer
German;Tschida
German;Unkle
German;Unruh
German;Unterbrink
German;Ursler
German;Vann
German;Van tonder
German;Vieth
German;Vogel
German;Vogt
German;Vogts
German;Voigt
German;Voigts
German;Volk
German;Voll
German;Von brandt
German;Von essen
German;Von grimmelshausen
German;Von ingersleben
German;Vonnegut
German;Von wegberg
German;Voss
German;Voß
German;Wägner
German;Wagner
German;Wähner
German;Wahner
German;Waldfogel
German;Waldvogel
German;Walkenhorst
German;Walter
German;Walther
German;Waltz
German;Wang
German;Warner
German;Waxweiler
German;Weber
German;Wechsler
German;Wedekind
German;Weeber
German;Wegener
German;Wegner
German;Wehner
German;Wehunt
German;Weigand
German;Weiman
German;Weiner
German;Weiss
German;Weiß
German;Welter
German;Wendel
German;Wendell
German;Werner
German;Wernher
German;West
German;Westerberg
German;Wetterman
German;Wetzel
German;Wexler
German;Wieck
German;Wiegand
German;Wildgrube
German;Winter
German;Winther
German;Winther
German;Wirner
German;Wirnhier
German;Wirt
German;Wirth
German;Wolf
German;Wolff
German;Wolter
German;Wörner
German;Wörnhör
German;Wruck
German;Wyman
German;Xylander
German;Zellweger
German;Zilberschlag
German;Zimmerman
German;Zimmermann
Italian;Abandonato
Italian;Abatangelo
Italian;Abatantuono
Italian;Abate
Italian;Abategiovanni
Italian;Abatescianni
Italian;Abbà
Italian;Abbadelli
Italian;Abbascia
Italian;Abbatangelo
Italian;Abbatantuono
Italian;Abbate
Italian;Abbatelli
Italian;Abbaticchio
Italian;Abbiati
Italian;Abbracciabene
Italian;Abbracciabeni
Italian;Abelli
Italian;Abelló
Italian;Abrami
Italian;Abramo
Italian;Acardi
Italian;Accardi
Italian;Accardo
Italian;Acciai
Italian;Acciaio
Italian;Acciaioli
Italian;Acconci
Italian;Acconcio
Italian;Accorsi
Italian;Accorso
Italian;Accosi
Italian;Accursio
Italian;Acerbi
Italian;Acone
Italian;Aconi
Italian;Acqua
Italian;Acquafredda
Italian;Acquarone
Italian;Acquati
Italian;Adalardi
Italian;Adami
Italian;Adamo
Italian;Adamoli
Italian;Addario
Italian;Adelardi
Italian;Adessi
Italian;Adimari
Italian;Adriatico
Italian;Affini
Italian;Africani
Italian;Africano
Italian;Agani
Italian;Aggi
Italian;Aggio
Italian;Agli
Italian;Agnelli
Italian;Agnellutti
Italian;Agnusdei
Italian;Agosti
Italian;Agostini
Italian;Agresta
Italian;Agrioli
Italian;Aiello
Italian;Aiolfi
Italian;Airaldi
Italian;Airò
Italian;Aita
Italian;Ajello
Italian;Alagona
Italian;Alamanni
Italian;Albanesi
Italian;Albani
Italian;Albano
Italian;Alberghi
Italian;Alberghini
Italian;Alberici
Italian;Alberighi
Italian;Albero
Italian;Albini
Italian;Albricci
Italian;Albrici
Italian;Alcheri
Italian;Aldebrandi
Italian;Alderisi
Italian;Alduino
Italian;Alemagna
Italian;Aleppo
Italian;Alesci
Italian;Alescio
Italian;Alesi
Italian;Alesini
Italian;Alesio
Italian;Alessandri
Italian;Alessi
Italian;Alfero
Italian;Aliberti
Italian;Alinari
Italian;Aliprandi
Italian;Allegri
Italian;Allegro
Italian;Alò
Italian;Aloia
Italian;Aloisi
Italian;Altamura
Italian;Altimari
Italian;Altoviti
Italian;Alunni
Italian;Amadei
Italian;Amadori
Italian;Amalberti
Italian;Amantea
Italian;Amato
Italian;Amatore
Italian;Ambrogi
Italian;Ambrosi
Italian;Amello
Italian;Amerighi
Italian;Amoretto
Italian;Angioli
Italian;Ansaldi
Italian;Anselmetti
Italian;Anselmi
Italian;Antonelli
Italian;Antonini
Italian;Antonino
Italian;Aquila
Italian;Aquino
Italian;Arbore
Italian;Ardiccioni
Italian;Ardizzone
Italian;Ardovini
Italian;Arena
Italian;Aringheri
Italian;Arlotti
Italian;Armani
Italian;Armati
Italian;Armonni
Italian;Arnolfi
Italian;Arnoni
Italian;Arrighetti
Italian;Arrighi
Italian;Arrigucci
Italian;Aucciello
Italian;Azzarà
Italian;Baggi
Italian;Baggio
Italian;Baglio
Italian;Bagni
Italian;Bagnoli
Italian;Balboni
Italian;Baldi
Italian;Baldini
Italian;Baldinotti
Italian;Baldovini
Italian;Bandini
Italian;Bandoni
Italian;Barbieri
Italian;Barone
Italian;Barsetti
Italian;Bartalotti
Italian;Bartolomei
Italian;Bartolomeo
Italian;Barzetti
Italian;Basile
Italian;Bassanelli
Italian;Bassani
Italian;Bassi
Italian;Basso
Italian;Basurto
Italian;Battaglia
Italian;Bazzoli
Italian;Bellandi
Italian;Bellandini
Italian;Bellincioni
Italian;Bellini
Italian;Bello
Italian;Bellomi
Italian;Belloni
Italian;Belluomi
Italian;Belmonte
Italian;Bencivenni
Italian;Benedetti
Italian;Benenati
Italian;Benetton
Italian;Benini
Italian;Benivieni
Italian;Benvenuti
Italian;Berardi
Italian;Bergamaschi
Italian;Berti
Italian;Bertolini
Italian;Biancardi
Italian;Bianchi
Italian;Bicchieri
Italian;Biondi
Italian;Biondo
Italian;Boerio
Italian;Bologna
Italian;Bondesan
Italian;Bonomo
Italian;Borghi
Italian;Borgnino
Italian;Borgogni
Italian;Bosco
Italian;Bove
Italian;Bovér
Italian;Boveri
Italian;Brambani
Italian;Brambilla
Italian;Breda
Italian;Brioschi
Italian;Brivio
Italian;Brunetti
Italian;Bruno
Italian;Buffone
Italian;Bulgarelli
Italian;Bulgari
Italian;Buonarroti
Italian;Busto
Italian;Caiazzo
Italian;Caito
Italian;Caivano
Italian;Calabrese
Italian;Calligaris
Italian;Campana
Italian;Campo
Italian;Cantu
Italian;Capello
Italian;Capello
Italian;Capello
Italian;Capitani
Italian;Carbone
Italian;Carboni
Italian;Carideo
Italian;Carlevaro
Italian;Caro
Italian;Carracci
Italian;Carrara
Italian;Caruso
Italian;Cassano
Italian;Castro
Italian;Catalano
Italian;Cattaneo
Italian;Cavalcante
Italian;Cavallo
Italian;Cingolani
Italian;Cino
Italian;Cipriani
Italian;Cisternino
Italian;Coiro
Italian;Cola
Italian;Colombera
Italian;Colombo
Italian;Columbo
Italian;Como
Italian;Como
Italian;Confortola
Italian;Conti
Italian;Corna
Italian;Corti
Italian;Corvi
Italian;Costa
Italian;Costantini
Italian;Costanzo
Italian;Cracchiolo
Italian;Cremaschi
Italian;Cremona
Italian;Cremonesi
Italian;Crespo
Italian;Croce
Italian;Crocetti
Italian;Cucinotta
Italian;Cuocco
Italian;Cuoco
Italian;D'ambrosio
Italian;Damiani
Italian;D'amore
Italian;D'angelo
Italian;D'antonio
Italian;De angelis
Italian;De campo
Italian;De felice
Italian;De filippis
Italian;De fiore
Italian;De laurentis
Italian;De luca
Italian;De palma
Italian;De rege
Italian;De santis
Italian;De vitis
Italian;Di antonio
Italian;Di caprio
Italian;Di mercurio
Italian;Dinapoli
Italian;Dioli
Italian;Di pasqua
Italian;Di pietro
Italian;Di stefano
Italian;Donati
Italian;D'onofrio
Italian;Drago
Italian;Durante
Italian;Elena
Italian;Episcopo
Italian;Ermacora
Italian;Esposito
Italian;Evangelista
Italian;Fabbri
Italian;Fabbro
Italian;Falco
Italian;Faraldo
Italian;Farina
Italian;Farro
Italian;Fattore
Italian;Fausti
Italian;Fava
Italian;Favero
Italian;Fermi
Italian;Ferrara
Italian;Ferrari
Italian;Ferraro
Italian;Ferrero
Italian;Ferro
Italian;Fierro
Italian;Filippi
Italian;Fini
Italian;Fiore
Italian;Fiscella
Italian;Fiscella
Italian;Fonda
Italian;Fontana
Italian;Fortunato
Italian;Franco
Italian;Franzese
Italian;Furlan
Italian;Gabrielli
Italian;Gagliardi
Italian;Gallo
Italian;Ganza
Italian;Garfagnini
Italian;Garofalo
Italian;Gaspari
Italian;Gatti
Italian;Genovese
Italian;Gentile
Italian;Germano
Italian;Giannino
Italian;Gimondi
Italian;Giordano
Italian;Gismondi
Italian;Giùgovaz
Italian;Giunta
Italian;Goretti
Italian;Gori
Italian;Greco
Italian;Grillo
Italian;Grimaldi
Italian;Gronchi
Italian;Guarneri
Italian;Guerra
Italian;Guerriero
Italian;Guidi
Italian;Guttuso
Italian;Idoni
Italian;Innocenti
Italian;Labriola
Italian;Làconi
Italian;Laganà
Italian;Lagomarsìno
Italian;Lagorio
Italian;Laguardia
Italian;Lama
Italian;Lamberti
Italian;Lamon
Italian;Landi
Italian;Lando
Italian;Landolfi
Italian;Laterza
Italian;Laurito
Italian;Lazzari
Italian;Lecce
Italian;Leccese
Italian;Leggièri
Italian;Lèmmi
Italian;Leone
Italian;Leoni
Italian;Lippi
Italian;Locatelli
Italian;Lombardi
Italian;Longo
Italian;Lupo
Italian;Luzzatto
Italian;Maestri
Italian;Magro
Italian;Mancini
Italian;Manco
Italian;Mancuso
Italian;Manfredi
Italian;Manfredonia
Italian;Mantovani
Italian;Marchegiano
Italian;Marchesi
Italian;Marchetti
Italian;Marchioni
Italian;Marconi
Italian;Mari
Italian;Maria
Italian;Mariani
Italian;Marino
Italian;Marmo
Italian;Martelli
Italian;Martinelli
Italian;Masi
Italian;Masin
Italian;Mazza
Italian;Merlo
Italian;Messana
Italian;Micheli
Italian;Milani
Italian;Milano
Italian;Modugno
Italian;Mondadori
Italian;Mondo
Italian;Montagna
Italian;Montana
Italian;Montanari
Italian;Monte
Italian;Monti
Italian;Morandi
Italian;Morello
Italian;Moretti
Italian;Morra
Italian;Moschella
Italian;Mosconi
Italian;Motta
Italian;Muggia
Italian;Muraro
Italian;Murgia
Italian;Murtas
Italian;Nacar
Italian;Naggi
Italian;Naggia
Italian;Naldi
Italian;Nana
Italian;Nani
Italian;Nanni
Italian;Nannini
Italian;Napoleoni
Italian;Napoletani
Italian;Napoliello
Italian;Nardi
Italian;Nardo
Italian;Nardovino
Italian;Nasato
Italian;Nascimbene
Italian;Nascimbeni
Italian;Natale
Italian;Nave
Italian;Nazario
Italian;Necchi
Italian;Negri
Italian;Negrini
Italian;Nelli
Italian;Nenci
Italian;Nepi
Italian;Neri
Italian;Neroni
Italian;Nervetti
Italian;Nervi
Italian;Nespola
Italian;Nicastro
Italian;Nicchi
Italian;Nicodemo
Italian;Nicolai
Italian;Nicolosi
Italian;Nicosia
Italian;Nicotera
Italian;Nieddu
Italian;Nieri
Italian;Nigro
Italian;Nisi
Italian;Nizzola
Italian;Noschese
Italian;Notaro
Italian;Notoriano
Italian;Oberti
Italian;Oberto
Italian;Ongaro
Italian;Orlando
Italian;Orsini
Italian;Pace
Italian;Padovan
Italian;Padovano
Italian;Pagani
Italian;Pagano
Italian;Palladino
Italian;Palmisano
Italian;Palumbo
Italian;Panzavecchia
Italian;Parisi
Italian;Parma
Italian;Parodi
Italian;Parri
Italian;Parrino
Italian;Passerini
Italian;Pastore
Italian;Paternoster
Italian;Pavesi
Italian;Pavone
Italian;Pavoni
Italian;Pecora
Italian;Pedrotti
Italian;Pellegrino
Italian;Perugia
Italian;Pesaresi
Italian;Pesaro
Italian;Pesce
Italian;Petri
Italian;Pherigo
Italian;Piazza
Italian;Piccirillo
Italian;Piccoli
Italian;Pierno
Italian;Pietri
Italian;Pini
Italian;Piovene
Italian;Piraino
Italian;Pisani
Italian;Pittaluga
Italian;Poggi
Italian;Poggio
Italian;Poletti
Italian;Pontecorvo
Italian;Portelli
Italian;Porto
Italian;Portoghese
Italian;Potenza
Italian;Pozzi
Italian;Profeta
Italian;Prosdocimi
Italian;Provenza
Italian;Provenzano
Italian;Pugliese
Italian;Quaranta
Italian;Quattrocchi
Italian;Ragno
Italian;Raimondi
Italian;Rais
Italian;Rana
Italian;Raneri
Italian;Rao
Italian;Rapallino
Italian;Ratti
Italian;Ravenna
Italian;Ré
Italian;Ricchetti
Italian;Ricci
Italian;Riggi
Italian;Righi
Italian;Rinaldi
Italian;Riva
Italian;Rizzo
Italian;Robustelli
Italian;Rocca
Italian;Rocchi
Italian;Rocco
Italian;Roma
Italian;Roma
Italian;Romagna
Italian;Romagnoli
Italian;Romano
Italian;Romano
Italian;Romero
Italian;Roncalli
Italian;Ronchi
Italian;Rosa
Italian;Rossi
Italian;Rossini
Italian;Rotolo
Italian;Rovigatti
Italian;Ruggeri
Italian;Russo
Italian;Rustici
Italian;Ruzzier
Italian;Sabbadin
Italian;Sacco
Italian;Sala
Italian;Salomon
Italian;Salucci
Italian;Salvaggi
Italian;Salvai
Italian;Salvail
Italian;Salvatici
Italian;Salvay
Italian;Sanna
Italian;Sansone
Italian;Santini
Italian;Santoro
Italian;Sapienti
Italian;Sarno
Italian;Sarti
Italian;Sartini
Italian;Sarto
Italian;Savona
Italian;Scarpa
Italian;Scarsi
Italian;Scavo
Italian;Sciacca
Italian;Sciacchitano
Italian;Sciarra
Italian;Scordato
Italian;Scotti
Italian;Scutese
Italian;Sebastiani
Italian;Sebastino
Italian;Segreti
Italian;Selmone
Italian;Selvaggio
Italian;Serafin
Italian;Serafini
Italian;Serpico
Italian;Sessa
Italian;Sgro
Italian;Siena
Italian;Silvestri
Italian;Sinagra
Italian;Sinagra
Italian;Soldati
Italian;Somma
Italian;Sordi
Italian;Soriano
Italian;Sorrentino
Italian;Spada
Italian;Spanò
Italian;Sparacello
Italian;Speziale
Italian;Spini
Italian;Stabile
Italian;Stablum
Italian;Stilo
Italian;Sultana
Italian;Tafani
Italian;Tamàro
Italian;Tamboia
Italian;Tanzi
Italian;Tarantino
Italian;Taverna
Italian;Tedesco
Italian;Terranova
Italian;Terzi
Italian;Tessaro
Italian;Testa
Italian;Tiraboschi
Italian;Tivoli
Italian;Todaro
Italian;Toloni
Italian;Tornincasa
Italian;Toselli
Italian;Tosetti
Italian;Tosi
Italian;Tosto
Italian;Trapani
Italian;Traversa
Italian;Traversi
Italian;Traversini
Italian;Traverso
Italian;Trucco
Italian;Trudu
Italian;Tumicelli
Italian;Turati
Italian;Turchi
Italian;Uberti
Italian;Uccello
Italian;Uggeri
Italian;Ughi
Italian;Ungaretti
Italian;Ungaro
Italian;Vacca
Italian;Vaccaro
Italian;Valenti
Italian;Valentini
Italian;Valerio
Italian;Varano
Italian;Ventimiglia
Italian;Ventura
Italian;Verona
Italian;Veronesi
Italian;Vescovi
Italian;Vespa
Italian;Vestri
Italian;Vicario
Italian;Vico
Italian;Vigo
Italian;Villa
Italian;Vinci
Italian;Vinci
Italian;Viola
Italian;Vitali
Italian;Viteri
Italian;Voltolini
Italian;Zambrano
Italian;Zanetti
Italian;Zangari
Italian;Zappa
Italian;Zeni
Italian;Zini
Italian;Zino
Italian;Zunino
Japanese;Abe
Japanese;Abukara
Japanese;Adachi
Japanese;Aida
Japanese;Aihara
Japanese;Aizawa
Japanese;Ajibana
Japanese;Akaike
Japanese;Akamatsu
Japanese;Akatsuka
Japanese;Akechi
Japanese;Akera
Japanese;Akimoto
Japanese;Akita
Japanese;Akiyama
Japanese;Akutagawa
Japanese;Amagawa
Japanese;Amaya
Japanese;Amori
Japanese;Anami
Japanese;Ando
Japanese;Anzai
Japanese;Aoki
Japanese;Arai
Japanese;Arakawa
Japanese;Araki
Japanese;Arakida
Japanese;Arato
Japanese;Arihyoshi
Japanese;Arishima
Japanese;Arita
Japanese;Ariwa
Japanese;Ariwara
Japanese;Asahara
Japanese;Asahi
Japanese;Asai
Japanese;Asano
Japanese;Asanuma
Japanese;Asari
Japanese;Ashia
Japanese;Ashida
Japanese;Ashikaga
Japanese;Asuhara
Japanese;Atshushi
Japanese;Ayabito
Japanese;Ayugai
Japanese;Baba
Japanese;Baisotei
Japanese;Bando
Japanese;Bunya
Japanese;Chiba
Japanese;Chikamatsu
Japanese;Chikanatsu
Japanese;Chino
Japanese;Chishu
Japanese;Choshi
Japanese;Daishi
Japanese;Dan
Japanese;Date
Japanese;Dazai
Japanese;Deguchi
Japanese;Deushi
Japanese;Doi
Japanese;Ebina
Japanese;Ebisawa
Japanese;Eda
Japanese;Egami
Japanese;Eguchi
Japanese;Ekiguchi
Japanese;Endo
Japanese;Endoso
Japanese;Enoki
Japanese;Enomoto
Japanese;Erizawa
Japanese;Eto
Japanese;Etsuko
Japanese;Ezakiya
Japanese;Fuchida
Japanese;Fugunaga
Japanese;Fujikage
Japanese;Fujimaki
Japanese;Fujimoto
Japanese;Fujioka
Japanese;Fujishima
Japanese;Fujita
Japanese;Fujiwara
Japanese;Fukao
Japanese;Fukayama
Japanese;Fukuda
Japanese;Fukumitsu
Japanese;Fukunaka
Japanese;Fukuoka
Japanese;Fukusaku
Japanese;Fukushima
Japanese;Fukuyama
Japanese;Fukuzawa
Japanese;Fumihiko
Japanese;Funabashi
Japanese;Funaki
Japanese;Funakoshi
Japanese;Furusawa
Japanese;Fuschida
Japanese;Fuse
Japanese;Futabatei
Japanese;Fuwa
Japanese;Gakusha
Japanese;Genda
Japanese;Genji
Japanese;Gensai
Japanese;Godo
Japanese;Goto
Japanese;Gushiken
Japanese;Hachirobei
Japanese;Haga
Japanese;Hagino
Japanese;Hagiwara
Japanese;Hama
Japanese;Hamacho
Japanese;Hamada
Japanese;Hamaguchi
Japanese;Hamamoto
Japanese;Hanabusa
Japanese;Hanari
Japanese;Handa
Japanese;Hara
Japanese;Harada
Japanese;Haruguchi
Japanese;Hasegawa
Japanese;Hasekura
Japanese;Hashimoto
Japanese;Hasimoto
Japanese;Hatakeda
Japanese;Hatakeyama
Japanese;Hatayama
Japanese;Hatoyama
Japanese;Hattori
Japanese;Hayakawa
Japanese;Hayami
Japanese;Hayashi
Japanese;Hayashida
Japanese;Hayata
Japanese;Hayuata
Japanese;Hida
Japanese;Hideaki
Japanese;Hideki
Japanese;Hideyoshi
Japanese;Higashikuni
Japanese;Higashiyama
Japanese;Higo
Japanese;Higoshi
Japanese;Higuchi
Japanese;Hike
Japanese;Hino
Japanese;Hira
Japanese;Hiraga
Japanese;Hiraki
Japanese;Hirano
Japanese;Hiranuma
Japanese;Hiraoka
Japanese;Hirase
Japanese;Hirasi
Japanese;Hirata
Japanese;Hiratasuka
Japanese;Hirayama
Japanese;Hiro
Japanese;Hirose
Japanese;Hirota
Japanese;Hiroyuki
Japanese;Hisamatsu
Japanese;Hishida
Japanese;Hishikawa
Japanese;Hitomi
Japanese;Hiyama
Japanese;Hohki
Japanese;Hojo
Japanese;Hokusai
Japanese;Honami
Japanese;Honda
Japanese;Hori
Japanese;Horigome
Japanese;Horigoshi
Japanese;Horiuchi
Japanese;Horri
Japanese;Hoshino
Japanese;Hosokawa
Japanese;Hosokaya
Japanese;Hotate
Japanese;Hotta
Japanese;Hyata
Japanese;Hyobanshi
Japanese;Ibi
Japanese;Ibu
Japanese;Ibuka
Japanese;Ichigawa
Japanese;Ichihara
Japanese;Ichikawa
Japanese;Ichimonji
Japanese;Ichiro
Japanese;Ichisada
Japanese;Ichiyusai
Japanese;Idane
Japanese;Iemochi
Japanese;Ienari
Japanese;Iesada
Japanese;Ieyasu
Japanese;Ieyoshi
Japanese;Igarashi
Japanese;Ihara
Japanese;Ii
Japanese;Iida
Japanese;Iijima
Japanese;Iitaka
Japanese;Ijichi
Japanese;Ijiri
Japanese;Ikeda
Japanese;Ikina
Japanese;Ikoma
Japanese;Imada
Japanese;Imagawa
Japanese;Imai
Japanese;Imaizumi
Japanese;Imamura
Japanese;Imoo
Japanese;Ina
Japanese;Inaba
Japanese;Inao
Japanese;Inihara
Japanese;Ino
Japanese;Inoguchi
Japanese;Inokuma
Japanese;Inoue
Japanese;Inouye
Japanese;Inukai
Japanese;Ippitsusai
Japanese;Irie
Japanese;Iriye
Japanese;Isayama
Japanese;Ise
Japanese;Iseki
Japanese;Iseya
Japanese;Ishibashi
Japanese;Ishida
Japanese;Ishiguro
Japanese;Ishihara
Japanese;Ishikawa
Japanese;Ishimaru
Japanese;Ishimura
Japanese;Ishinomori
Japanese;Ishiyama
Japanese;Isobe
Japanese;Isoda
Japanese;Isozaki
Japanese;Itagaki
Japanese;Itami
Japanese;Ito
Japanese;Itoh
Japanese;Iwahara
Japanese;Iwahashi
Japanese;Iwakura
Japanese;Iwasa
Japanese;Iwasaki
Japanese;Izumi
Japanese;Jimbo
Japanese;Jippensha
Japanese;Jo
Japanese;Joshuya
Japanese;Joshuyo
Japanese;Jukodo
Japanese;Jumonji
Japanese;Kada
Japanese;Kagabu
Japanese;Kagawa
Japanese;Kahae
Japanese;Kahaya
Japanese;Kaibara
Japanese;Kaima
Japanese;Kajahara
Japanese;Kajitani
Japanese;Kajiwara
Japanese;Kajiyama
Japanese;Kakinomoto
Japanese;Kakutama
Japanese;Kamachi
Japanese;Kamata
Japanese;Kaminaga
Japanese;Kamio
Japanese;Kamioka
Japanese;Kamisaka
Japanese;Kamo
Japanese;Kamon
Japanese;Kan
Japanese;Kanada
Japanese;Kanagaki
Japanese;Kanegawa
Japanese;Kaneko
Japanese;Kanesaka
Japanese;Kano
Japanese;Karamorita
Japanese;Karube
Japanese;Karubo
Japanese;Kasahara
Japanese;Kasai
Japanese;Kasamatsu
Japanese;Kasaya
Japanese;Kase
Japanese;Kashiwagi
Japanese;Kasuse
Japanese;Kataoka
Japanese;Katayama
Japanese;Katayanagi
Japanese;Kate
Japanese;Kato
Japanese;Katoaka
Japanese;Katsu
Japanese;Katsukawa
Japanese;Katsumata
Japanese;Katsura
Japanese;Katsushika
Japanese;Kawabata
Japanese;Kawachi
Japanese;Kawagichi
Japanese;Kawagishi
Japanese;Kawaguchi
Japanese;Kawai
Japanese;Kawaii
Japanese;Kawakami
Japanese;Kawamata
Japanese;Kawamura
Japanese;Kawasaki
Japanese;Kawasawa
Japanese;Kawashima
Japanese;Kawasie
Japanese;Kawatake
Japanese;Kawate
Japanese;Kawayama
Japanese;Kawazu
Japanese;Kaza
Japanese;Kazuyoshi
Japanese;Kenkyusha
Japanese;Kenmotsu
Japanese;Kentaro
Japanese;Ki
Japanese;Kido
Japanese;Kihara
Japanese;Kijimuta
Japanese;Kijmuta
Japanese;Kikkawa
Japanese;Kikuchi
Japanese;Kikugawa
Japanese;Kikui
Japanese;Kikutake
Japanese;Kimio
Japanese;Kimiyama
Japanese;Kimura
Japanese;Kinashita
Japanese;Kinoshita
Japanese;Kinugasa
Japanese;Kira
Japanese;Kishi
Japanese;Kiski
Japanese;Kita
Japanese;Kitabatake
Japanese;Kitagawa
Japanese;Kitamura
Japanese;Kitano
Japanese;Kitao
Japanese;Kitoaji
Japanese;Ko
Japanese;Kobayashi
Japanese;Kobi
Japanese;Kodama
Japanese;Koga
Japanese;Kogara
Japanese;Kogo
Japanese;Koguchi
Japanese;Koiso
Japanese;Koizumi
Japanese;Kojima
Japanese;Kokan
Japanese;Komagata
Japanese;Komatsu
Japanese;Komatsuzaki
Japanese;Komine
Japanese;Komiya
Japanese;Komon
Japanese;Komura
Japanese;Kon
Japanese;Konae
Japanese;Konda
Japanese;Kondo
Japanese;Konishi
Japanese;Kono
Japanese;Konoe
Japanese;Koruba
Japanese;Koshin
Japanese;Kotara
Japanese;Kotoku
Japanese;Koyama
Japanese;Koyanagi
Japanese;Kozu
Japanese;Kubo
Japanese;Kubota
Japanese;Kudara
Japanese;Kudo
Japanese;Kuga
Japanese;Kumagae
Japanese;Kumasaka
Japanese;Kunda
Japanese;Kunikida
Japanese;Kunisada
Japanese;Kuno
Japanese;Kunomasu
Japanese;Kuramochi
Japanese;Kuramoto
Japanese;Kurata
Japanese;Kurkawa
Japanese;Kurmochi
Japanese;Kuroda
Japanese;Kurofuji
Japanese;Kurogane
Japanese;Kurohiko
Japanese;Kuroki
Japanese;Kurosawa
Japanese;Kurusu
Japanese;Kusatsu
Japanese;Kusonoki
Japanese;Kusuhara
Japanese;Kusunoki
Japanese;Kuwabara
Japanese;Kwakami
Japanese;Kyubei
Japanese;Maeda
Japanese;Maehata
Japanese;Maeno
Japanese;Maita
Japanese;Makiguchi
Japanese;Makino
Japanese;Makioka
Japanese;Makuda
Japanese;Marubeni
Japanese;Marugo
Japanese;Marusa
Japanese;Maruya
Japanese;Maruyama
Japanese;Masanobu
Japanese;Masaoka
Japanese;Mashita
Japanese;Masoni
Japanese;Masudu
Japanese;Masuko
Japanese;Masuno
Japanese;Masuzoe
Japanese;Matano
Japanese;Matokai
Japanese;Matoke
Japanese;Matsuda
Japanese;Matsukata
Japanese;Matsuki
Japanese;Matsumara
Japanese;Matsumoto
Japanese;Matsumura
Japanese;Matsuo
Japanese;Matsuoka
Japanese;Matsura
Japanese;Matsushina
Japanese;Matsushita
Japanese;Matsuya
Japanese;Matsuzawa
Japanese;Mayuzumi
Japanese;Mazaki
Japanese;Mazawa
Japanese;Mazuka
Japanese;Mifune
Japanese;Mihashi
Japanese;Miki
Japanese;Mimasuya
Japanese;Minabuchi
Japanese;Minami
Japanese;Minamoto
Japanese;Minatoya
Japanese;Minobe
Japanese;Mishima
Japanese;Mitsubishi
Japanese;Mitsuharu
Japanese;Mitsui
Japanese;Mitsukuri
Japanese;Mitsuwa
Japanese;Mitsuya
Japanese;Mitzusaka
Japanese;Miura
Japanese;Miwa
Japanese;Miyagi
Japanese;Miyahara
Japanese;Miyajima
Japanese;Miyake
Japanese;Miyamae
Japanese;Miyamoto
Japanese;Miyazaki
Japanese;Miyazawa
Japanese;Miyoshi
Japanese;Mizoguchi
Japanese;Mizumaki
Japanese;Mizuno
Japanese;Mizutani
Japanese;Modegi
Japanese;Momotami
Japanese;Momotani
Japanese;Monomonoi
Japanese;Mori
Japanese;Moriguchi
Japanese;Morimoto
Japanese;Morinaga
Japanese;Morioka
Japanese;Morishita
Japanese;Morisue
Japanese;Morita
Japanese;Morri
Japanese;Moto
Japanese;Motoori
Japanese;Motoyoshi
Japanese;Munakata
Japanese;Munkata
Japanese;Muraguchi
Japanese;Murakami
Japanese;Muraoka
Japanese;Murasaki
Japanese;Murase
Japanese;Murata
Japanese;Murkami
Japanese;Muro
Japanese;Muruyama
Japanese;Mushanaokoji
Japanese;Mushashibo
Japanese;Muso
Japanese;Mutsu
Japanese;Nagahama
Japanese;Nagai
Japanese;Nagano
Japanese;Nagasawa
Japanese;Nagase
Japanese;Nagata
Japanese;Nagatsuka
Japanese;Nagumo
Japanese;Naito
Japanese;Nakada
Japanese;Nakadai
Japanese;Nakadan
Japanese;Nakae
Japanese;Nakagawa
Japanese;Nakahara
Japanese;Nakajima
Japanese;Nakamoto
Japanese;Nakamura
Japanese;Nakane
Japanese;Nakanishi
Japanese;Nakano
Japanese;Nakanoi
Japanese;Nakao
Japanese;Nakasato
Japanese;Nakasawa
Japanese;Nakasone
Japanese;Nakata
Japanese;Nakatoni
Japanese;Nakayama
Japanese;Nakazawa
Japanese;Namiki
Japanese;Nanami
Japanese;Narahashi
Japanese;Narato
Japanese;Narita
Japanese;Nataga
Japanese;Natsume
Japanese;Nawabe
Japanese;Nemoto
Japanese;Niijima
Japanese;Nijo
Japanese;Ninomiya
Japanese;Nishi
Japanese;Nishihara
Japanese;Nishikawa
Japanese;Nishimoto
Japanese;Nishimura
Japanese;Nishimuraya
Japanese;Nishio
Japanese;Nishiwaki
Japanese;Nitta
Japanese;Nobunaga
Japanese;Noda
Japanese;Nogi
Japanese;Noguchi
Japanese;Nogushi
Japanese;Nomura
Japanese;Nonomura
Japanese;Noro
Japanese;Nosaka
Japanese;Nose
Japanese;Nozaki
Japanese;Nozara
Japanese;Numajiri
Japanese;Numata
Japanese;Obata
Japanese;Obinata
Japanese;Obuchi
Japanese;Ochiai
Japanese;Ochida
Japanese;Odaka
Japanese;Ogata
Japanese;Ogiwara
Japanese;Ogura
Japanese;Ogyu
Japanese;Ohba
Japanese;Ohira
Japanese;Ohishi
Japanese;Ohka
Japanese;Ohmae
Japanese;Ohmiya
Japanese;Oichi
Japanese;Oinuma
Japanese;Oishi
Japanese;Okabe
Japanese;Okada
Japanese;Okakura
Japanese;Okamoto
Japanese;Okamura
Japanese;Okanao
Japanese;Okanaya
Japanese;Okano
Japanese;Okasawa
Japanese;Okawa
Japanese;Okazaki
Japanese;Okazawaya
Japanese;Okimasa
Japanese;Okimoto
Japanese;Okita
Japanese;Okubo
Japanese;Okuda
Japanese;Okui
Japanese;Okuma
Japanese;Okuma
Japanese;Okumura
Japanese;Okura
Japanese;Omori
Japanese;Omura
Japanese;Onishi
Japanese;Ono
Japanese;Onoda
Japanese;Onoe
Japanese;Onohara
Japanese;Ooka
Japanese;Osagawa
Japanese;Osaragi
Japanese;Oshima
Japanese;Oshin
Japanese;Ota
Japanese;Otaka
Japanese;Otake
Japanese;Otani
Japanese;Otomo
Japanese;Otsu
Japanese;Otsuka
Japanese;Ouchi
Japanese;Oyama
Japanese;Ozaki
Japanese;Ozawa
Japanese;Ozu
Japanese;Raikatuji
Japanese;Royama
Japanese;Ryusaki
Japanese;Sada
Japanese;Saeki
Japanese;Saga
Japanese;Saigo
Japanese;Saiki
Japanese;Saionji
Japanese;Saito
Japanese;Saitoh
Japanese;Saji
Japanese;Sakagami
Japanese;Sakai
Japanese;Sakakibara
Japanese;Sakamoto
Japanese;Sakanoue
Japanese;Sakata
Japanese;Sakiyurai
Japanese;Sakoda
Japanese;Sakubara
Japanese;Sakuraba
Japanese;Sakurai
Japanese;Sammiya
Japanese;Sanda
Japanese;Sanjo
Japanese;Sano
Japanese;Santo
Japanese;Saromi
Japanese;Sarumara
Japanese;Sasada
Japanese;Sasakawa
Japanese;Sasaki
Japanese;Sassa
Japanese;Satake
Japanese;Sato
Japanese;Satoh
Japanese;Satoya
Japanese;Sawamatsu
Japanese;Sawamura
Japanese;Sayuki
Japanese;Segawa
Japanese;Sekigawa
Japanese;Sekine
Japanese;Sekozawa
Japanese;Sen
Japanese;Senmatsu
Japanese;Seo
Japanese;Serizawa
Japanese;Shiba
Japanese;Shibaguchi
Japanese;Shibanuma
Japanese;Shibasaki
Japanese;Shibasawa
Japanese;Shibata
Japanese;Shibukji
Japanese;Shichirobei
Japanese;Shidehara
Japanese;Shiga
Japanese;Shiganori
Japanese;Shige
Japanese;Shigeki
Japanese;Shigemitsu
Japanese;Shigi
Japanese;Shikitei
Japanese;Shikuk
Japanese;Shima
Japanese;Shimada
Japanese;Shimakage
Japanese;Shimamura
Japanese;Shimanouchi
Japanese;Shimaoka
Japanese;Shimazaki
Japanese;Shimazu
Japanese;Shimedzu
Japanese;Shimizu
Japanese;Shimohira
Japanese;Shimon
Japanese;Shimura
Japanese;Shimuzu
Japanese;Shinko
Japanese;Shinozaki
Japanese;Shinozuka
Japanese;Shintaro
Japanese;Shiokawa
Japanese;Shiomi
Japanese;Shiomiya
Japanese;Shionoya
Japanese;Shiotani
Japanese;Shioya
Japanese;Shirahata
Japanese;Shirai
Japanese;Shiraishi
Japanese;Shirane
Japanese;Shirasu
Japanese;Shiratori
Japanese;Shirokawa
Japanese;Shiroyama
Japanese;Shiskikura
Japanese;Shizuma
Japanese;Shobo
Japanese;Shoda
Japanese;Shunji
Japanese;Shunsen
Japanese;Siagyo
Japanese;Soga
Japanese;Sohda
Japanese;Soho
Japanese;Soma
Japanese;Someya
Japanese;Sone
Japanese;Sonoda
Japanese;Soseki
Japanese;Sotomura
Japanese;Suenami
Japanese;Sugai
Japanese;Sugase
Japanese;Sugawara
Japanese;Sugihara
Japanese;Sugimura
Japanese;Sugisata
Japanese;Sugita
Japanese;Sugitani
Japanese;Sugiyama
Japanese;Sumitimo
Japanese;Sunada
Japanese;Suzambo
Japanese;Suzuki
Japanese;Tabuchi
Japanese;Tadeshi
Japanese;Tagawa
Japanese;Taguchi
Japanese;Taira
Japanese;Taka
Japanese;Takabe
Japanese;Takagaki
Japanese;Takagawa
Japanese;Takagi
Japanese;Takahama
Japanese;Takahashi
Japanese;Takaki
Japanese;Takamura
Japanese;Takano
Japanese;Takaoka
Japanese;Takara
Japanese;Takarabe
Japanese;Takashi
Japanese;Takashita
Japanese;Takasu
Japanese;Takasugi
Japanese;Takayama
Japanese;Takecare
Japanese;Takeda
Japanese;Takei
Japanese;Takekawa
Japanese;Takemago
Japanese;Takemitsu
Japanese;Takemura
Japanese;Takenouchi
Japanese;Takeshita
Japanese;Taketomo
Japanese;Takeuchi
Japanese;Takewaki
Japanese;Takimoto
Japanese;Takishida
Japanese;Takishita
Japanese;Takizawa
Japanese;Taku
Japanese;Takudo
Japanese;Takudome
Japanese;Tamazaki
Japanese;Tamura
Japanese;Tamuro
Japanese;Tanaka
Japanese;Tange
Japanese;Tani
Japanese;Taniguchi
Japanese;Tanizaki
Japanese;Tankoshitsu
Japanese;Tansho
Japanese;Tanuma
Japanese;Tarumi
Japanese;Tatenaka
Japanese;Tatsuko
Japanese;Tatsuno
Japanese;Tatsuya
Japanese;Tawaraya
Japanese;Tayama
Japanese;Temko
Japanese;Tenshin
Japanese;Terada
Japanese;Terajima
Japanese;Terakado
Japanese;Terauchi
Japanese;Teshigahara
Japanese;Teshima
Japanese;Tochikura
Japanese;Togo
Japanese;Tojo
Japanese;Tokaji
Japanese;Tokuda
Japanese;Tokudome
Japanese;Tokuoka
Japanese;Tomika
Japanese;Tomimoto
Japanese;Tomioka
Japanese;Tommii
Japanese;Tomonaga
Japanese;Tomori
Japanese;Tono
Japanese;Torii
Japanese;Torisei
Japanese;Toru
Japanese;Toshishai
Japanese;Toshitala
Japanese;Toshusai
Japanese;Toyama
Japanese;Toyoda
Japanese;Toyoshima
Japanese;Toyota
Japanese;Toyotomi
Japanese;Tsubouchi
Japanese;Tsucgimoto
Japanese;Tsuchie
Japanese;Tsuda
Japanese;Tsuji
Japanese;Tsujimoto
Japanese;Tsujimura
Japanese;Tsukada
Japanese;Tsukade
Japanese;Tsukahara
Japanese;Tsukamoto
Japanese;Tsukatani
Japanese;Tsukawaki
Japanese;Tsukehara
Japanese;Tsukioka
Japanese;Tsumemasa
Japanese;Tsumura
Japanese;Tsunoda
Japanese;Tsurimi
Japanese;Tsuruga
Japanese;Tsuruya
Japanese;Tsushima
Japanese;Tsutaya
Japanese;Tsutomu
Japanese;Uboshita
Japanese;Uchida
Japanese;Uchiyama
Japanese;Ueda
Japanese;Uehara
Japanese;Uemura
Japanese;Ueshima
Japanese;Uesugi
Japanese;Uetake
Japanese;Ugaki
Japanese;Ui
Japanese;Ukiyo
Japanese;Umari
Japanese;Umehara
Japanese;Umeki
Japanese;Uno
Japanese;Uoya
Japanese;Urogataya
Japanese;Usami
Japanese;Ushiba
Japanese;Utagawa
Japanese;Wakai
Japanese;Wakatsuki
Japanese;Watabe
Japanese;Watanabe
Japanese;Watari
Japanese;Watnabe
Japanese;Watoga
Japanese;Yakuta
Japanese;Yamabe
Japanese;Yamada
Japanese;Yamagata
Japanese;Yamaguchi
Japanese;Yamaguchiya
Japanese;Yamaha
Japanese;Yamahata
Japanese;Yamakage
Japanese;Yamakawa
Japanese;Yamakazi
Japanese;Yamamoto
Japanese;Yamamura
Japanese;Yamana
Japanese;Yamanaka
Japanese;Yamanouchi
Japanese;Yamanoue
Japanese;Yamaoka
Japanese;Yamashita
Japanese;Yamato
Japanese;Yamawaki
Japanese;Yamazaki
Japanese;Yamhata
Japanese;Yamura
Japanese;Yanagawa
Japanese;Yanagi
Japanese;Yanagimoto
Japanese;Yanagita
Japanese;Yano
Japanese;Yasuda
Japanese;Yasuhiro
Japanese;Yasui
Japanese;Yasujiro
Japanese;Yasukawa
Japanese;Yasutake
Japanese;Yoemon
Japanese;Yokokawa
Japanese;Yokoyama
Japanese;Yonai
Japanese;Yosano
Japanese;Yoshida
Japanese;Yoshifumi
Japanese;Yoshihara
Japanese;Yoshikawa
Japanese;Yoshimatsu
Japanese;Yoshinobu
Japanese;Yoshioka
Japanese;Yoshitomi
Japanese;Yoshizaki
Japanese;Yoshizawa
Japanese;Yuasa
Japanese;Yuhara
Japanese;Yunokawa
